{
  "best_test_acc": 0.9423,
  "best_test_error": 0.057699999999999974,
  "epochs": 200,
  "train_time_sec": 1253.609763622284,
  "parameters": 10741674,
  "checkpoint": "outputs/CIFAR10/width96_final/best_model.pt"
}